{"exact": 76.9392739829866, "f1": 79.10717012758204, "total": 11873, "HasAns_exact": 74.74696356275304, "HasAns_f1": 79.08897282806694, "HasAns_total": 5928, "NoAns_exact": 79.12531539108494, "NoAns_f1": 79.12531539108494, "NoAns_total": 5945, "best_exact": 76.9392739829866, "best_exact_thresh": 0.9981628060340881, "best_f1": 79.10717012758232, "best_f1_thresh": 0.9981628060340881, "pr_exact_ap": 16.72675450194981, "pr_f1_ap": 18.920013013616227, "pr_oracle_ap": 32.44737832065618}